# {"t_start": 1571351407.013443, "env_id": "AntBulletEnv-v0"} 
r,l,t
470.487491,1000,2.971768
448.984929,1000,5.32927
304.470129,1000,7.838029
465.344927,1000,10.346639
385.589035,1000,14.479994
336.588395,1000,17.2021
480.308147,1000,20.18019
488.570655,1000,22.66756
443.201058,1000,25.207745
292.270101,1000,27.55805
472.888531,1000,30.144591
467.393098,1000,32.696666
453.453843,1000,35.274331
468.781317,1000,37.535648
421.145889,1000,39.806346
473.817815,1000,42.251745
